<?xml version="1.0" encoding="UTF-8"?>
<ti:module xmlns:ti="http://ti.appcelerator.org" xmlns:android="http://schemas.android.com/apk/res/android">
	<!--
		Similar to tiapp.xml, but contains module/platform specific
		configuration in <iphone>, <android>, and <mobileweb> sections
	-->
	<iphone>
	</iphone>
	<android xmlns:android="http://schemas.android.com/apk/res/android">
	<dependency>
	    <groupId>com.mapbox.mapboxsdk</groupId>
	    <artifactId>mapbox-android-sdk</artifactId>
	    <version>0.7.4</version>
	    <type>apklib</type>
	</dependency>
lklkj
	</android>
	<mobileweb>
	</mobileweb>
</ti:module>
